NominalSim,RobustSim,OffNominal
4.7792000161361505,2.995021192854238,4.289075880977049
4.690555257363242,3.5258840857211786,4.2687654350656
4.756826605718938,4.206914190650327,3.3506048708304497
