NominalSim,RobustSim
2.9784765930175783,3.0746302642822263
3.0511700134277335,2.883184432983398
3.086436996459961,2.9564588470458983
